{"pitch": [-2.9170793047299592, 11.39125453698576, 207.63098600266045, 46.77559025098998], "energy": [-1.431044578552246, 8.184337615966797, 37.326216790538, 26.044180782835713]}